path	title	source
cube_docs/Getting_started/Connect_your_data.md	Connect your data（连接数据）	https://cube.dev/docs/product/introduction
cube_docs/Getting_started/Use_analytics_chat.md	Use analytics chat（分析聊天）	https://cube.dev/docs/product/introduction
cube_docs/Getting_started/Create_workbooks_and_dashboards.md	Create workbooks and dashboards（工作簿与仪表板）	https://cube.dev/docs/product/introduction
cube_docs/Getting_started/Develop_in_IDE.md	Develop in IDE（在 IDE 中开发）	https://cube.dev/docs/product/introduction
cube_docs/Getting_started/Embed_analytics.md	Embed analytics（嵌入分析）	https://cube.dev/docs/product/introduction
cube_docs/Getting_started/Cube_Core/Create_a_project.md	Cube Core / Create a project	https://cube.dev/docs/product/introduction
cube_docs/Getting_started/Cube_Core/Query_data.md	Cube Core / Query data	https://cube.dev/docs/product/introduction
cube_docs/Getting_started/Cube_Core/Add_a_pre-aggregation.md	Cube Core / Add a pre-aggregation	https://cube.dev/docs/product/introduction
cube_docs/Getting_started/Cube_Core/Learn_more.md	Cube Core / Learn more	https://cube.dev/docs/product/introduction
cube_docs/Data_Sources_Config/Multiple_data_sources.md	Multiple data sources（多数据源）	https://cube.dev/docs/product/introduction
cube_docs/Data_Sources_Config/Concurrency.md	Concurrency（并发）	https://cube.dev/docs/product/introduction
cube_docs/Data_Sources_Config/Multitenancy.md	Multitenancy（多租户）	https://cube.dev/docs/product/introduction
cube_docs/Data_Sources_Config/Reference/Environment_variables.md	Reference / Environment variables（环境变量）	https://cube.dev/docs/product/introduction
cube_docs/Data_Sources_Config/Reference/Configuration_options.md	Reference / Configuration options（配置选项）	https://cube.dev/docs/product/introduction
cube_docs/Data_Sources_Config/Recipes/Environment_variables.md	Recipes / Environment variables（环境变量实践）	https://cube.dev/docs/product/introduction
cube_docs/Data_Sources_Config/Recipes/SSL.md	Recipes / SSL	https://cube.dev/docs/product/introduction
cube_docs/Data_Sources_Config/Recipes/Data_source_usage.md	Recipes / Data source usage（数据源使用）	https://cube.dev/docs/product/introduction
cube_docs/Data_Sources_Config/Recipes/Per-tenant_data_sources.md	Recipes / Per-tenant data sources（分租户数据源）	https://cube.dev/docs/product/introduction
cube_docs/Data_Sources_Config/Recipes/Per-tenant_data_models.md	Recipes / Per-tenant data models（分租户数据模型）	https://cube.dev/docs/product/introduction
cube_docs/Data_Sources_Config/Data_sources/Amazon_Athena.md	Data source / Amazon Athena	https://cube.dev/docs/product/introduction
cube_docs/Data_Sources_Config/Data_sources/Amazon_Redshift.md	Data source / Amazon Redshift	https://cube.dev/docs/product/introduction
cube_docs/Data_Sources_Config/Data_sources/Apache_Pinot.md	Data source / Apache Pinot	https://cube.dev/docs/product/introduction
cube_docs/Data_Sources_Config/Data_sources/ClickHouse.md	Data source / ClickHouse	https://cube.dev/docs/product/introduction
cube_docs/Data_Sources_Config/Data_sources/Databricks.md	Data source / Databricks	https://cube.dev/docs/product/introduction
cube_docs/Data_Sources_Config/Data_sources/Druid.md	Data source / Druid	https://cube.dev/docs/product/introduction
cube_docs/Data_Sources_Config/Data_sources/DuckDB_MotherDuck.md	Data source / DuckDB / MotherDuck	https://cube.dev/docs/product/introduction
cube_docs/Data_Sources_Config/Data_sources/Elasticsearch.md	Data source / Elasticsearch	https://cube.dev/docs/product/introduction
cube_docs/Data_Sources_Config/Data_sources/Firebolt.md	Data source / Firebolt	https://cube.dev/docs/product/introduction
cube_docs/Data_Sources_Config/Data_sources/Google_BigQuery.md	Data source / Google BigQuery	https://cube.dev/docs/product/introduction
cube_docs/Data_Sources_Config/Data_sources/Hive_SparkSQL.md	Data source / Hive / SparkSQL	https://cube.dev/docs/product/introduction
cube_docs/Data_Sources_Config/Data_sources/ksqlDB.md	Data source / ksqlDB	https://cube.dev/docs/product/introduction
cube_docs/Data_Sources_Config/Data_sources/Materialize.md	Data source / Materialize	https://cube.dev/docs/product/introduction
cube_docs/Data_Sources_Config/Data_sources/Microsoft_Fabric.md	Data source / Microsoft Fabric	https://cube.dev/docs/product/introduction
cube_docs/Data_Sources_Config/Data_sources/Microsoft_SQL_Server.md	Data source / Microsoft SQL Server	https://cube.dev/docs/product/introduction
cube_docs/Data_Sources_Config/Data_sources/MongoDB.md	Data source / MongoDB	https://cube.dev/docs/product/introduction
cube_docs/Data_Sources_Config/Data_sources/MySQL.md	Data source / MySQL	https://cube.dev/docs/product/introduction
cube_docs/Data_Sources_Config/Data_sources/Oracle.md	Data source / Oracle	https://cube.dev/docs/product/introduction
cube_docs/Data_Sources_Config/Data_sources/Postgres.md	Data source / Postgres	https://cube.dev/docs/product/introduction
cube_docs/Data_Sources_Config/Data_sources/Presto.md	Data source / Presto	https://cube.dev/docs/product/introduction
cube_docs/Data_Sources_Config/Data_sources/QuestDB.md	Data source / QuestDB	https://cube.dev/docs/product/introduction
cube_docs/Data_Sources_Config/Data_sources/RisingWave.md	Data source / RisingWave	https://cube.dev/docs/product/introduction
cube_docs/Data_Sources_Config/Data_sources/SingleStore.md	Data source / SingleStore	https://cube.dev/docs/product/introduction
cube_docs/Data_Sources_Config/Data_sources/Snowflake.md	Data source / Snowflake	https://cube.dev/docs/product/introduction
cube_docs/Data_Sources_Config/Data_sources/SQLite.md	Data source / SQLite	https://cube.dev/docs/product/introduction
cube_docs/Data_Sources_Config/Data_sources/Trino.md	Data source / Trino	https://cube.dev/docs/product/introduction
cube_docs/Data_Sources_Config/Data_sources/Vertica.md	Data source / Vertica	https://cube.dev/docs/product/introduction
cube_docs/Data_Sources_Config/Visualization_tools/Appsmith.md	Visualization tool / Appsmith	https://cube.dev/docs/product/introduction
cube_docs/Data_Sources_Config/Visualization_tools/Bubble.md	Visualization tool / Bubble	https://cube.dev/docs/product/introduction
cube_docs/Data_Sources_Config/Visualization_tools/Budibase.md	Visualization tool / Budibase	https://cube.dev/docs/product/introduction
cube_docs/Data_Sources_Config/Visualization_tools/Deepnote.md	Visualization tool / Deepnote	https://cube.dev/docs/product/introduction
cube_docs/Data_Sources_Config/Visualization_tools/Explo.md	Visualization tool / Explo	https://cube.dev/docs/product/introduction
cube_docs/Data_Sources_Config/Visualization_tools/Google_Sheets.md	Visualization tool / Google Sheets	https://cube.dev/docs/product/introduction
cube_docs/Data_Sources_Config/Visualization_tools/Hashboard.md	Visualization tool / Hashboard	https://cube.dev/docs/product/introduction
cube_docs/Data_Sources_Config/Visualization_tools/Hex.md	Visualization tool / Hex	https://cube.dev/docs/product/introduction
cube_docs/Data_Sources_Config/Visualization_tools/Hightouch.md	Visualization tool / Hightouch	https://cube.dev/docs/product/introduction
cube_docs/Data_Sources_Config/Visualization_tools/Jupyter.md	Visualization tool / Jupyter	https://cube.dev/docs/product/introduction
cube_docs/Data_Sources_Config/Visualization_tools/Klipfolio.md	Visualization tool / Klipfolio	https://cube.dev/docs/product/introduction
cube_docs/Data_Sources_Config/Visualization_tools/LangChain.md	Visualization tool / LangChain	https://cube.dev/docs/product/introduction
cube_docs/Data_Sources_Config/Visualization_tools/Looker_Studio.md	Visualization tool / Looker Studio	https://cube.dev/docs/product/introduction
cube_docs/Data_Sources_Config/Visualization_tools/Metabase.md	Visualization tool / Metabase	https://cube.dev/docs/product/introduction
cube_docs/Data_Sources_Config/Visualization_tools/Microsoft_Excel.md	Visualization tool / Microsoft Excel	https://cube.dev/docs/product/introduction
cube_docs/Data_Sources_Config/Visualization_tools/Microsoft_Power_BI.md	Visualization tool / Microsoft Power BI	https://cube.dev/docs/product/introduction
cube_docs/Data_Sources_Config/Visualization_tools/Observable.md	Visualization tool / Observable	https://cube.dev/docs/product/introduction
cube_docs/Data_Sources_Config/Visualization_tools/Pushai.md	Visualization tool / Push.ai	https://cube.dev/docs/product/introduction
cube_docs/Data_Sources_Config/Visualization_tools/Qlik_Sense.md	Visualization tool / Qlik Sense	https://cube.dev/docs/product/introduction
cube_docs/Data_Sources_Config/Visualization_tools/QuickSight.md	Visualization tool / QuickSight	https://cube.dev/docs/product/introduction
cube_docs/Data_Sources_Config/Visualization_tools/Retool.md	Visualization tool / Retool	https://cube.dev/docs/product/introduction
cube_docs/Data_Sources_Config/Visualization_tools/RudderStack.md	Visualization tool / RudderStack	https://cube.dev/docs/product/introduction
cube_docs/Data_Sources_Config/Visualization_tools/Sigma.md	Visualization tool / Sigma	https://cube.dev/docs/product/introduction
cube_docs/Data_Sources_Config/Visualization_tools/Steep.md	Visualization tool / Steep	https://cube.dev/docs/product/introduction
cube_docs/Data_Sources_Config/Visualization_tools/Streamlit.md	Visualization tool / Streamlit	https://cube.dev/docs/product/introduction
cube_docs/Data_Sources_Config/Visualization_tools/Superset_Preset.md	Visualization tool / Superset / Preset	https://cube.dev/docs/product/introduction
cube_docs/Data_Sources_Config/Visualization_tools/Tableau.md	Visualization tool / Tableau	https://cube.dev/docs/product/introduction
cube_docs/Data_Sources_Config/Visualization_tools/ThoughtSpot.md	Visualization tool / ThoughtSpot	https://cube.dev/docs/product/introduction
cube_docs/Data_Sources_Config/Visualization_tools/Unity_Catalog.md	Visualization tool / Unity Catalog	https://cube.dev/docs/product/introduction
cube_docs/Data_modeling/Syntax.md	Syntax（语法）	https://cube.dev/docs/product/introduction
cube_docs/Data_modeling/Dynamic_data_models/Overview.md	Dynamic data models（动态数据模型）	https://cube.dev/docs/product/introduction
cube_docs/Data_modeling/Dynamic_data_models/YAML_Jinja_Python.md	Dynamic data models / YAML, Jinja, and Python	https://cube.dev/docs/product/introduction
cube_docs/Data_modeling/Dynamic_data_models/JavaScript.md	Dynamic data models / JavaScript	https://cube.dev/docs/product/introduction
cube_docs/Data_modeling/Dynamic_data_models/Export_import.md	Dynamic data models / Export and import	https://cube.dev/docs/product/introduction
cube_docs/Data_modeling/Dynamic_data_models/Execution_environment_JS.md	Dynamic data models / Execution environment (JavaScript)	https://cube.dev/docs/product/introduction
cube_docs/Data_modeling/Concepts/Calculated_members.md	Concepts / Calculated members	https://cube.dev/docs/product/introduction
cube_docs/Data_modeling/Concepts/Multi-stage_calculations.md	Concepts / Multi-stage calculations	https://cube.dev/docs/product/introduction
cube_docs/Data_modeling/Concepts/Joins_between_cubes.md	Concepts / Joins between cubes	https://cube.dev/docs/product/introduction
cube_docs/Data_modeling/Concepts/Calendar_cubes.md	Concepts / Calendar cubes	https://cube.dev/docs/product/introduction
cube_docs/Data_modeling/Concepts/Extension.md	Concepts / Extension	https://cube.dev/docs/product/introduction
cube_docs/Data_modeling/Concepts/Polymorphic_cubes.md	Concepts / Polymorphic cubes	https://cube.dev/docs/product/introduction
cube_docs/Data_modeling/Concepts/Data_blending.md	Concepts / Data blending	https://cube.dev/docs/product/introduction
cube_docs/Data_modeling/Reference/Cubes.md	Reference / Cubes	https://cube.dev/docs/product/introduction
cube_docs/Data_modeling/Reference/Views.md	Reference / Views	https://cube.dev/docs/product/introduction
cube_docs/Data_modeling/Reference/Measures.md	Reference / Measures	https://cube.dev/docs/product/introduction
cube_docs/Data_modeling/Reference/Dimensions.md	Reference / Dimensions	https://cube.dev/docs/product/introduction
cube_docs/Data_modeling/Reference/Hierarchies.md	Reference / Hierarchies	https://cube.dev/docs/product/introduction
cube_docs/Data_modeling/Reference/Segments.md	Reference / Segments	https://cube.dev/docs/product/introduction
cube_docs/Data_modeling/Reference/Joins.md	Reference / Joins	https://cube.dev/docs/product/introduction
cube_docs/Data_modeling/Reference/Pre-aggregations.md	Reference / Pre-aggregations	https://cube.dev/docs/product/introduction
cube_docs/Data_modeling/Reference/Access_policies.md	Reference / Access policies	https://cube.dev/docs/product/introduction
cube_docs/Data_modeling/Reference/Types_and_formats.md	Reference / Types and formats	https://cube.dev/docs/product/introduction
cube_docs/Data_modeling/Reference/Context_variables.md	Reference / Context variables	https://cube.dev/docs/product/introduction
cube_docs/Data_modeling/Reference/cube_package.md	Reference / cube package	https://cube.dev/docs/product/introduction
cube_docs/Data_modeling/Reference/cube_dbt_package.md	Reference / cube_dbt package	https://cube.dev/docs/product/introduction
cube_docs/Data_modeling/Reference/lkml2cube_package.md	Reference / lkml2cube package	https://cube.dev/docs/product/introduction
cube_docs/Data_modeling/Recipes/Style_guide.md	Recipes / Style guide	https://cube.dev/docs/product/introduction
cube_docs/Data_modeling/Recipes/Designing_metrics.md	Recipes / Designing metrics	https://cube.dev/docs/product/introduction
cube_docs/Data_modeling/Recipes/Averages_and_percentiles.md	Recipes / Averages and percentiles	https://cube.dev/docs/product/introduction
cube_docs/Data_modeling/Recipes/Nested_aggregates.md	Recipes / Nested aggregates	https://cube.dev/docs/product/introduction
cube_docs/Data_modeling/Recipes/Filtered_aggregates.md	Recipes / Filtered aggregates	https://cube.dev/docs/product/introduction
cube_docs/Data_modeling/Recipes/Period-over-period_changes.md	Recipes / Period-over-period changes	https://cube.dev/docs/product/introduction
cube_docs/Data_modeling/Recipes/Dynamic_parameters.md	Recipes / Dynamic parameters	https://cube.dev/docs/product/introduction
cube_docs/Data_modeling/Recipes/Dynamic_data_modeling.md	Recipes / Dynamic data modeling	https://cube.dev/docs/product/introduction
cube_docs/Data_modeling/Recipes/Dynamic_union_tables.md	Recipes / Dynamic union tables	https://cube.dev/docs/product/introduction
cube_docs/Data_modeling/Recipes/String_time_dimensions.md	Recipes / String time dimensions	https://cube.dev/docs/product/introduction
cube_docs/Data_modeling/Recipes/Custom_time_dimension_granularities.md	Recipes / Custom time dimension granularities	https://cube.dev/docs/product/introduction
cube_docs/Data_modeling/Recipes/Custom_calendars.md	Recipes / Custom calendars	https://cube.dev/docs/product/introduction
cube_docs/Data_modeling/Recipes/EAV_model.md	Recipes / EAV model	https://cube.dev/docs/product/introduction
cube_docs/Data_modeling/Recipes/Data_snapshots.md	Recipes / Data snapshots	https://cube.dev/docs/product/introduction
cube_docs/Data_modeling/Recipes/Active_users.md	Recipes / Active users	https://cube.dev/docs/product/introduction
cube_docs/Data_modeling/Recipes/Event_analytics.md	Recipes / Event analytics	https://cube.dev/docs/product/introduction
cube_docs/Data_modeling/Recipes/Funnel_analysis.md	Recipes / Funnel analysis	https://cube.dev/docs/product/introduction
cube_docs/Data_modeling/Recipes/Retention_analysis.md	Recipes / Retention analysis	https://cube.dev/docs/product/introduction
cube_docs/Data_modeling/Recipes/Rate_of_return.md	Recipes / Rate of return	https://cube.dev/docs/product/introduction
cube_docs/Data_modeling/Recipes/Using_Cube_with_dbt.md	Recipes / Using Cube with dbt	https://cube.dev/docs/product/introduction
cube_docs/Explore_Analyze/Workbooks/Querying_data.md	Workbooks / Querying data	https://cube.dev/docs/product/introduction
cube_docs/Explore_Analyze/Workbooks/Source_SQL_Tabs.md	Workbooks / Source SQL Tabs	https://cube.dev/docs/product/introduction
cube_docs/Explore_Analyze/Workbooks/Charts.md	Workbooks / Charts	https://cube.dev/docs/product/introduction
cube_docs/Explore_Analyze/Explore.md	Explore（探索）	https://cube.dev/docs/product/introduction
cube_docs/Explore_Analyze/Analytics_Chat.md	Analytics Chat（分析聊天）	https://cube.dev/docs/product/introduction
cube_docs/Explore_Analyze/Playground.md	Playground（操场/调试）	https://cube.dev/docs/product/introduction
cube_docs/Present_Share/Dashboards.md	Dashboards（仪表板）	https://cube.dev/docs/product/introduction
cube_docs/Present_Share/Embedding/Private_embedding.md	Embedding / Private embedding（私有嵌入）	https://cube.dev/docs/product/introduction
cube_docs/Present_Share/Embedding/Signed_embedding.md	Embedding / Signed embedding（签名嵌入）	https://cube.dev/docs/product/introduction
cube_docs/Caching/Getting_started_with_pre-aggregations.md	Getting started with pre-aggregations（预聚合入门）	https://cube.dev/docs/product/introduction
cube_docs/Caching/Using_pre-aggregations.md	Using pre-aggregations（使用预聚合）	https://cube.dev/docs/product/introduction
cube_docs/Caching/Matching_pre-aggregations.md	Matching pre-aggregations（匹配预聚合）	https://cube.dev/docs/product/introduction
cube_docs/Caching/Refreshing_pre-aggregations.md	Refreshing pre-aggregations（刷新预聚合）	https://cube.dev/docs/product/introduction
cube_docs/Caching/Lambda_pre-aggregations.md	Lambda pre-aggregations（Lambda 预聚合）	https://cube.dev/docs/product/introduction
cube_docs/Caching/Running_in_production.md	Running in production（生产运行）	https://cube.dev/docs/product/introduction
cube_docs/Caching/Recipes/Non-additive_measures.md	Caching Recipes / Non-additive measures	https://cube.dev/docs/product/introduction
cube_docs/Caching/Recipes/Incremental_pre-aggregations.md	Caching Recipes / Incremental pre-aggregations	https://cube.dev/docs/product/introduction
cube_docs/Caching/Recipes/Disabling_pre-aggregations.md	Caching Recipes / Disabling pre-aggregations	https://cube.dev/docs/product/introduction
cube_docs/Caching/Recipes/Using_original_sql_and_rollup_pre-aggregations_effectively.md	Caching Recipes / Using original_sql and rollup pre-aggregations effectively	https://cube.dev/docs/product/introduction
cube_docs/Caching/Recipes/Refreshing_select_partitions.md	Caching Recipes / Refreshing select partitions	https://cube.dev/docs/product/introduction
cube_docs/Caching/Recipes/Joining_data_from_multiple_data_sources.md	Caching Recipes / Joining data from multiple data sources	https://cube.dev/docs/product/introduction
cube_docs/Access_control/Access_policies.md	Access policies（访问策略）	https://cube.dev/docs/product/introduction
cube_docs/Access_control/Row-level_security.md	Row-level security（行级安全）	https://cube.dev/docs/product/introduction
cube_docs/Access_control/Member-level_security.md	Member-level security（成员级安全）	https://cube.dev/docs/product/introduction
cube_docs/Access_control/Security_context.md	Security context（安全上下文）	https://cube.dev/docs/product/introduction
cube_docs/Access_control/Cube_Core_Authentication/Name_and_password.md	Cube Core Authentication / Name and password	https://cube.dev/docs/product/introduction
cube_docs/Access_control/Cube_Core_Authentication/Kerberos.md	Cube Core Authentication / Kerberos	https://cube.dev/docs/product/introduction
cube_docs/Access_control/Cube_Core_Authentication/NTLM.md	Cube Core Authentication / NTLM	https://cube.dev/docs/product/introduction
cube_docs/Access_control/Cube_Core_Authentication/Identity_provider.md	Cube Core Authentication / Identity provider	https://cube.dev/docs/product/introduction
cube_docs/Access_control/Cube_Core_Authentication/JSON_Web_Token.md	Cube Core Authentication / JSON Web Token	https://cube.dev/docs/product/introduction
cube_docs/Access_control/Cube_Core_Authentication/Auth0.md	Cube Core Authentication / Auth0	https://cube.dev/docs/product/introduction
cube_docs/Access_control/Cube_Core_Authentication/AWS_Cognito.md	Cube Core Authentication / AWS Cognito	https://cube.dev/docs/product/introduction
cube_docs/Access_control/Cube_Core_Authentication/SQL_API_with_LDAP.md	Cube Core Authentication / SQL API with LDAP	https://cube.dev/docs/product/introduction
cube_docs/APIs_integrations/Embed_APIs/Chat_API.md	Embed APIs / Chat API	https://cube.dev/docs/product/introduction
cube_docs/APIs_integrations/Embed_APIs/Generate_Session.md	Embed APIs / Generate Session	https://cube.dev/docs/product/introduction
cube_docs/APIs_integrations/Core_Data_APIs/Queries.md	Core Data APIs / Queries	https://cube.dev/docs/product/introduction
cube_docs/APIs_integrations/Core_Data_APIs/SQL_API/Query_format.md	SQL API / Query format	https://cube.dev/docs/product/introduction
cube_docs/APIs_integrations/Core_Data_APIs/SQL_API/Joins.md	SQL API / Joins	https://cube.dev/docs/product/introduction
cube_docs/APIs_integrations/Core_Data_APIs/SQL_API/Authentication_Authorization.md	SQL API / Authentication and Authorization	https://cube.dev/docs/product/introduction
cube_docs/APIs_integrations/Core_Data_APIs/SQL_API/Reference.md	SQL API / Reference	https://cube.dev/docs/product/introduction
cube_docs/APIs_integrations/Core_Data_APIs/DAX_API.md	Core Data APIs / DAX API	https://cube.dev/docs/product/introduction
cube_docs/APIs_integrations/Core_Data_APIs/MDX_API.md	Core Data APIs / MDX API	https://cube.dev/docs/product/introduction
cube_docs/APIs_integrations/Core_Data_APIs/REST_API.md	Core Data APIs / REST API	https://cube.dev/docs/product/introduction
cube_docs/APIs_integrations/Core_Data_APIs/GraphQL_API.md	Core Data APIs / GraphQL API	https://cube.dev/docs/product/introduction
cube_docs/APIs_integrations/Orchestration_API/Airflow.md	Orchestration API / Airflow	https://cube.dev/docs/product/introduction
cube_docs/APIs_integrations/Orchestration_API/Dagster.md	Orchestration API / Dagster	https://cube.dev/docs/product/introduction
cube_docs/APIs_integrations/Orchestration_API/Prefect.md	Orchestration API / Prefect	https://cube.dev/docs/product/introduction
cube_docs/APIs_integrations/MCP_server.md	MCP server	https://cube.dev/docs/product/introduction
cube_docs/APIs_integrations/Cube_Cloud_for_Excel.md	Cube Cloud for Excel	https://cube.dev/docs/product/introduction
cube_docs/APIs_integrations/Cube_Cloud_for_Sheets.md	Cube Cloud for Sheets	https://cube.dev/docs/product/introduction
cube_docs/APIs_integrations/Semantic_Layer_Sync.md	Semantic Layer Sync	https://cube.dev/docs/product/introduction
cube_docs/APIs_integrations/JavaScript_SDK/React.md	JavaScript SDK / React	https://cube.dev/docs/product/introduction
cube_docs/APIs_integrations/JavaScript_SDK/Vue.md	JavaScript SDK / Vue	https://cube.dev/docs/product/introduction
cube_docs/APIs_integrations/JavaScript_SDK/Angular.md	JavaScript SDK / Angular	https://cube.dev/docs/product/introduction
cube_docs/APIs_integrations/JavaScript_SDK/ws-transport.md	JavaScript SDK / ws-transport	https://cube.dev/docs/product/introduction
cube_docs/Administration/Users_permissions/Roles_permissions.md	Users & permissions / Roles & permissions	https://cube.dev/docs/product/introduction
cube_docs/Administration/Users_permissions/User_attributes.md	Users & permissions / User attributes	https://cube.dev/docs/product/introduction
cube_docs/Administration/Users_permissions/User_groups.md	Users & permissions / User groups	https://cube.dev/docs/product/introduction
cube_docs/Administration/Users_permissions/Custom_roles.md	Users & permissions / Custom roles	https://cube.dev/docs/product/introduction
cube_docs/Administration/AI/Spaces_agents_models.md	AI / Spaces, agents, models	https://cube.dev/docs/product/introduction
cube_docs/Administration/AI/Agent_rules.md	AI / Agent rules	https://cube.dev/docs/product/introduction
cube_docs/Administration/AI/Agent_memories.md	AI / Agent memories	https://cube.dev/docs/product/introduction
cube_docs/Administration/Workspace/Development_mode.md	Workspace / Development mode	https://cube.dev/docs/product/introduction
cube_docs/Administration/Workspace/Environments.md	Workspace / Environments	https://cube.dev/docs/product/introduction
cube_docs/Administration/Workspace/Integrations.md	Workspace / Integrations	https://cube.dev/docs/product/introduction
cube_docs/Administration/Workspace/SQL_Runner.md	Workspace / SQL Runner	https://cube.dev/docs/product/introduction
cube_docs/Administration/Workspace/Query_History.md	Workspace / Query History	https://cube.dev/docs/product/introduction
cube_docs/Administration/Workspace/Pre-aggregations.md	Workspace / Pre-aggregations	https://cube.dev/docs/product/introduction
cube_docs/Administration/Workspace/Performance_Insights.md	Workspace / Performance Insights	https://cube.dev/docs/product/introduction
cube_docs/Administration/Workspace/Monitoring_Integrations.md	Workspace / Monitoring Integrations	https://cube.dev/docs/product/introduction
cube_docs/Administration/Deployment/Overview.md	Deployment（部署）	https://cube.dev/docs/product/introduction
